[{
		"id": "_ctbbyavnw",
		"start": "Wed Feb 13 2020 10:00:00 GMT+0530 (India Standard Time)",
		"end": "Wed Feb 13 2020 13:30:00 GMT+0530 (India Standard Time)",
		"title": "Telephonic Interview",
		"description": "Telephonic Interview Time"
	},
	{
		"id": "_ctbbyavnx",
		"start": "Wed Feb 10 2020 10:00:00 GMT+0530 (India Standard Time)",
		"end": "Wed Feb 10 2020 11:30:00 GMT+0530 (India Standard Time)",
		"title": "Interview",
		"description": "Reactjs interview scheduled"
	},
	{
		"id": "_ctbbyavny",
		"start": "Wed Feb 11 2020 15:00:00 GMT+0530 (India Standard Time)",
		"end": "Wed Feb 11 2020 16:30:00 GMT+0530 (India Standard Time)",
		"title": "Team Event",
		"description": "Skill Showcase!!!"
	},
	{
		"id": "_ctbbyavnz",
		"start": "Wed Feb 13 2020 00:00:00 GMT+0530 (India Standard Time)",
		"end": "Wed Feb 17 2020 00:00:00 GMT+0530 (India Standard Time)",
		"title": "Blood Donation Camp",
		"description": "Time to donate happiness :-)"
	},
	{
		"id": "_ctbbyavna",
		"start": "Wed Feb 18 2020 14:00:00 GMT+0530 (India Standard Time)",
		"end": "Wed Feb 18 2020 17:30:00 GMT+0530 (India Standard Time)",
		"title": "Presentation Time",
		"description": "Present PPT to team."
	},
	{
		"id": "_ctbbyavnb",
		"start": "Wed Feb 08 2020 13:00:00 GMT+0530 (India Standard Time)",
		"end": "Wed Feb 08 2020 13:30:00 GMT+0530 (India Standard Time)",
		"title": "Group Lunch",
		"description": "Lunch with office group :-)"
	},
	{
		"id": "_ctbbyavnc",
		"start": "Wed Feb 01 2020 00:00:00 GMT+0530 (India Standard Time)",
		"end": "Wed Feb 07 2020 00:00:00 GMT+0530 (India Standard Time)",
		"title": "Holiday Week",
		"description": "It's Holiday Time :-)"
	},
	{
		"id": "_ctbbyavnd",
		"start": "Wed Feb 13 2020 12:00:00 GMT+0530 (India Standard Time)",
		"end": "Wed Feb 13 2020 15:30:00 GMT+0530 (India Standard Time)",
		"title": "Conference",
		"description": "Conference with client :-)"
	},
	{
		"id": "_ctbbyavne",
		"start": "Wed Feb 11 2020 17:00:00 GMT+0530 (India Standard Time)",
		"end": "Wed Feb 11 2020 18:30:00 GMT+0530 (India Standard Time)",
		"title": "Meeting",
		"description": "Meeting to discuss product :-)"
	},
	{
		"id": "_ctbbyavnf",
		"start": "Wed Feb 14 2020 00:00:00 GMT+0530 (India Standard Time)",
		"end": "Wed Feb 18 2020 15:30:00 GMT+0530 (India Standard Time)",
		"title": "Travel",
		"description": "It's Travel Time :-)"
	}
]