{
	"overviews":[{"id":1,"title":"Abdulhanan Shaikh","assignedUser":"Nasrullah","location":"Ahemdabad, India","candidates":0,"isDataIncomplete":false},{"id":2,"title":"Android","assignedUser":"Nasrullah","location":"Ahemdabad, India","candidates":0,"isDataIncomplete":false},{"id":3,"title":"Android","assignedUser":"Nasrullah","location":"Ahemdabad, India","candidates":0,"isDataIncomplete":true},{"id":4,"title":"Android","assignedUser":"Nasrullah","location":"Ahemdabad, India","candidates":0,"isDataIncomplete":false},{"id":5,"title":"Android","assignedUser":"Nasrullah","location":"Ahemdabad, India","candidates":0,"isDataIncomplete":false},{"id":6,"title":"Android","assignedUser":"Nasrullah","location":"Ahemdabad, India","candidates":0,"isDataIncomplete":true}],
	"assigned_to_me":[{"id":1,"title":"Abdulhanan Shaikh","assignedUser":"Nasrullah","location":"Ahemdabad, India","candidates":0,"isDataIncomplete":false},{"id":2,"title":"Android","assignedUser":"Nasrullah","location":"Ahemdabad, India","candidates":0,"isDataIncomplete":false},{"id":3,"title":"Android","assignedUser":"Nasrullah","location":"Ahemdabad, India","candidates":0,"isDataIncomplete":true},{"id":4,"title":"Android","assignedUser":"Nasrullah","location":"Ahemdabad, India","candidates":0,"isDataIncomplete":false},{"id":5,"title":"Android","assignedUser":"Nasrullah","location":"Ahemdabad, India","candidates":0,"isDataIncomplete":false},{"id":6,"title":"Android","assignedUser":"Nasrullah","location":"Ahemdabad, India","candidates":0,"isDataIncomplete":true}],
	"all_openings":[{"id":1,"title":"Abdulhanan Shaikh","assignedUser":"Nasrullah","location":"Ahemdabad, India","candidates":0,"isDataIncomplete":false},{"id":2,"title":"Android","assignedUser":"Nasrullah","location":"Ahemdabad, India","candidates":0,"isDataIncomplete":false},{"id":3,"title":"Android","assignedUser":"Nasrullah","location":"Ahemdabad, India","candidates":0,"isDataIncomplete":true},{"id":4,"title":"Android","assignedUser":"Nasrullah","location":"Ahemdabad, India","candidates":0,"isDataIncomplete":false},{"id":5,"title":"Android","assignedUser":"Nasrullah","location":"Ahemdabad, India","candidates":0,"isDataIncomplete":false},{"id":6,"title":"Android","assignedUser":"Nasrullah","location":"Ahemdabad, India","candidates":0,"isDataIncomplete":true}],
    "openings":[{
		"id": 1,
		"openingTitle": "Junior Developer",
		"job": "Android Developer",
		"openingType": "Fresher",
		"totalExpInYears": "1 Year",
		"totalExpInMonths": "1 Month",
		"location": "Ahmedabad",
		"jobDescription": "Lorem ipsum dolor sit amet, consectetur adipiscing.",
		"coordinator": "Nasrullah",
		"interviewStages": [{
			"id": 1,
			"title": "Screening",
			"coordinator": "Nasrullah",
			"stage": "Plain",
			"candidiates": 0
		}, {
			"id": 2,
			"title": "Telephone Interview",
			"coordinator": "Nasrullah",
			"stage": "Interview",
			"candidiates": 0,
			"subdetails": {
				"interviewers": ["You"],
				"type": "Telephone (Direct Call)",
				"duration": "45 minutes",
				"date": "12/02/2020 03:45 PM"
			}
		}, {
			"id": 3,
			"title": "Face to face Interview",
			"coordinator": "Nasrullah",
			"stage": "Interview",
			"candidiates": 0,
			"subdetails": {
				"interviewers": ["You"],
				"type": "Face to Face",
				"duration": "45 minutes",
				"date": "12/02/2020 05:45 PM"
			}
		}, {
			"id": 4,
			"title": "Make Offer",
			"coordinator": "Nasrullah",
			"stage": "Plain",
			"candidiates": 0
		}]
	}, {
		"id": 2,
		"openingTitle": "Tester",
		"job": "QA",
		"openingType": "Fresher",
		"totalExpInYears": "1 Year",
		"totalExpInMonths": "1 Month",
		"location": "Ahmedabad",
		"jobDescription": "Lorem ipsum dolor sit amet, consectetur adipiscing.",
		"coordinator": "Nasrullah",
		"interviewStages": [{
			"id": 1,
			"title": "Screening",
			"coordinator": "Nasrullah",
			"stage": "Plain",
			"candidiates": 0
		}, {
			"id": 2,
			"title": "Telephone Interview",
			"coordinator": "Narsullah",
			"stage": "Interview",
			"candidiates": 0,
			"subdetails": {
				"interviewers": ["You"],
				"type": "Telephone (Direct Call)",
				"duration": "45 minutes",
				"date": "12/02/2020 03:45 PM"
			}
		}, {
			"id": 3,
			"title": "Face to face Interview",
			"coordinator": "Nasrullah",
			"stage": "Interview",
			"candidiates": 0,
			"subdetails": {
				"interviewers": ["You"],
				"type": "Face to Face",
				"duration": "45 minutes",
				"date": "12/02/2020 05:45 PM"
			}
		}, {
			"id": 4,
			"title": "Make Offer",
			"coordinator": "Nasrullah",
			"stage": "Plain",
			"candidiates": 0
		}]
	}, {
		"id": 3,
		"openingTitle": "Senior Developer",
		"job": "Android Developer",
		"openingType": "Experience",
		"totalExpInYears": "1 Years",
		"totalExpInMonths": "1 Months",
		"location": "Ahmedabad",
		"jobDescription": "Lorem ipsum dolor sit amet, consectetur adipiscing.",
		"coordinator": "Nasrullah",
		"interviewStages": [{
			"id": 1,
			"title": "Screening",
			"coordinator": "Nasrullah",
			"stage": "Plain",
			"candidiates": 0
		}, {
			"id": 2,
			"title": "Telephone Interview",
			"coordinator": "Nasrullah",
			"stage": "Interview",
			"candidiates": 0,
			"subdetails": {
				"interviewers": ["You"],
				"type": "Telephone (Direct Call)",
				"duration": "45 minutes",
				"date": "12/02/2020 03:45 PM"
			}
		}, {
			"id": 3,
			"title": "Face to face Interview",
			"coordinator": "Nasrullah",
			"stage": "Interview",
			"candidiates": 0,
			"subdetails": {
				"interviewers": ["You"],
				"type": "Face to Face",
				"duration": "45 minutes",
				"date": "12/02/2020 05:45 PM"
			}
		}, {
			"id": 4,
			"title": "Make Offer",
			"coordinator": "Nasrullah",
			"stage": "Plain",
			"candidiates": 0
		}]
	}]
	
	
	
}
