{
	"openings":[{"id":1,"title":"Abdulhanan Shaikh","assignedUser":"Nasrullah","location":"Ahemdabad, India","candidates":0,"isDataIncomplete":false},{"id":2,"title":"Android","assignedUser":"Nasrullah","location":"Ahemdabad, India","candidates":0,"isDataIncomplete":false},{"id":3,"title":"Android","assignedUser":"Nasrullah","location":"Ahemdabad, India","candidates":0,"isDataIncomplete":true},{"id":4,"title":"Android","assignedUser":"Nasrullah","location":"Ahemdabad, India","candidates":0,"isDataIncomplete":false},{"id":5,"title":"Android","assignedUser":"Nasrullah","location":"Ahemdabad, India","candidates":0,"isDataIncomplete":false},{"id":6,"title":"Android","assignedUser":"Nasrullah","location":"Ahemdabad, India","candidates":0,"isDataIncomplete":true}],
	"assigned_to_me":[{"id":1,"title":"Abdulhanan Shaikh","assignedUser":"Nasrullah","location":"Ahemdabad, India","candidates":0,"isDataIncomplete":false},{"id":2,"title":"Android","assignedUser":"Nasrullah","location":"Ahemdabad, India","candidates":0,"isDataIncomplete":false},{"id":3,"title":"Android","assignedUser":"Nasrullah","location":"Ahemdabad, India","candidates":0,"isDataIncomplete":true},{"id":4,"title":"Android","assignedUser":"Nasrullah","location":"Ahemdabad, India","candidates":0,"isDataIncomplete":false},{"id":5,"title":"Android","assignedUser":"Nasrullah","location":"Ahemdabad, India","candidates":0,"isDataIncomplete":false},{"id":6,"title":"Android","assignedUser":"Nasrullah","location":"Ahemdabad, India","candidates":0,"isDataIncomplete":true}],
	"all_openings":[{"id":1,"title":"Abdulhanan Shaikh","assignedUser":"Nasrullah","location":"Ahemdabad, India","candidates":0,"isDataIncomplete":false},{"id":2,"title":"Android","assignedUser":"Nasrullah","location":"Ahemdabad, India","candidates":0,"isDataIncomplete":false},{"id":3,"title":"Android","assignedUser":"Nasrullah","location":"Ahemdabad, India","candidates":0,"isDataIncomplete":true},{"id":4,"title":"Android","assignedUser":"Nasrullah","location":"Ahemdabad, India","candidates":0,"isDataIncomplete":false},{"id":5,"title":"Android","assignedUser":"Nasrullah","location":"Ahemdabad, India","candidates":0,"isDataIncomplete":false},{"id":6,"title":"Android","assignedUser":"Nasrullah","location":"Ahemdabad, India","candidates":0,"isDataIncomplete":true}]
}


